<?xml version = '1.0' encoding = 'UTF-8'?>
<relationalModel class="oracle.dbtools.crest.model.design.relational.RelationalDesign" name="Relational_1" id="A1EB4CF6-0FD4-EC0A-5F43-8986E829CBE2" mainViewID="AC39B830-BB20-9390-EB46-FCA92D370F26">
<createdBy>asovo</createdBy>
<createdTime>2025-09-16 12:43:24 UTC</createdTime>
<ownerDesignName>Exp2_S5_Grupo4</ownerDesignName>
<shouldBeOpen>false</shouldBeOpen>
<selectedRDBMSSite>32076570-2523-435C-2E92-BF29817DFF70</selectedRDBMSSite>
</relationalModel>