<?xml version = '1.0' encoding = 'UTF-8'?>
<FKIndexAssociation class="oracle.dbtools.crest.model.design.relational.FKIndexAssociation" directorySegmentName="seg_0" id="01B01E3A-A1AD-8EE5-3BDA-75015C1C9D3F" containerWithKeyObject="172516B4-5560-09EC-BCA2-E710CF6CEC47" localFKIndex="4AC74484-EA25-556F-2CC7-7BFFF9EB439D" name="Comuna_Region_FK">
<createdBy>asovo</createdBy>
<createdTime>2025-09-16 13:36:02 UTC</createdTime>
<generatorID>55F7F886-E2F4-4E1F-395A-9005B8AC3810</generatorID>
<ownerDesignName>Exp2_S5_Grupo4</ownerDesignName>
<referredTableLongName>Region</referredTableLongName>
<deleteRule>NO ACTION</deleteRule>
<referredTableID>300D4D13-08E0-F2F2-CEF4-FF8630C62568</referredTableID>
<keyObject>81CF3334-3944-DB8F-D406-93D41EE8FD38</keyObject>
<referredKeyID>81CF3334-3944-DB8F-D406-93D41EE8FD38</referredKeyID>
<mandatory>true</mandatory>
<refColNames>id_region</refColNames>
<transferable>true</transferable>
<rely>false</rely>
<columnDependencyConstraintGenerateInDDL>true</columnDependencyConstraintGenerateInDDL>
</FKIndexAssociation>