<?xml version = '1.0' encoding = 'UTF-8'?>
<FKIndexAssociation class="oracle.dbtools.crest.model.design.relational.FKIndexAssociation" directorySegmentName="seg_0" id="1257FADB-4568-0DAA-8B2A-5DE719C66236" containerWithKeyObject="9E2AB412-AAD1-E480-0DA4-FEB47087DC93" localFKIndex="4BA7CF91-FDA9-8E90-9A79-0EAACA50654D" name="Medico_Especialidad_FK">
<createdBy>asovo</createdBy>
<createdTime>2025-09-16 13:36:02 UTC</createdTime>
<generatorID>6BC4C647-223D-6A98-84B0-5AA4A232D77D</generatorID>
<ownerDesignName>Exp2_S5_Grupo4</ownerDesignName>
<referredTableLongName>Especialidad</referredTableLongName>
<deleteRule>NO ACTION</deleteRule>
<referredTableID>FEA14AE7-6499-3CC9-9DA8-DC011FC29CA8</referredTableID>
<keyObject>28696206-A64D-A476-3473-2AF74FE74D65</keyObject>
<referredKeyID>28696206-A64D-A476-3473-2AF74FE74D65</referredKeyID>
<mandatory>true</mandatory>
<refColNames>id_especialidad</refColNames>
<transferable>true</transferable>
<rely>false</rely>
<columnDependencyConstraintGenerateInDDL>true</columnDependencyConstraintGenerateInDDL>
</FKIndexAssociation>