<?xml version = '1.0' encoding = 'UTF-8'?>
<FKIndexAssociation class="oracle.dbtools.crest.model.design.relational.FKIndexAssociation" directorySegmentName="seg_0" id="294E7E02-15D1-3A97-2AD6-5A751883A90E" containerWithKeyObject="02924507-7BC0-68F4-41A9-EF4E208631A1" localFKIndex="3B8F9FE6-63D7-A9D7-1743-9007F3A4AE38" name="Pago_Atencion_Atencion_Medica_FK">
<createdBy>asovo</createdBy>
<createdTime>2025-09-16 13:36:02 UTC</createdTime>
<generatorID>2140CE13-CE60-3782-9895-DEA94202ED0D</generatorID>
<ownerDesignName>Exp2_S5_Grupo4</ownerDesignName>
<referredTableLongName>Atencion_Medica</referredTableLongName>
<deleteRule>NO ACTION</deleteRule>
<referredTableID>0B17807C-DD3C-9CEB-196B-777DDA6F3FAF</referredTableID>
<keyObject>35C022C7-FA3A-5F15-99EC-2E494E9A03CE</keyObject>
<referredKeyID>35C022C7-FA3A-5F15-99EC-2E494E9A03CE</referredKeyID>
<mandatory>true</mandatory>
<refColNames>id_atencion</refColNames>
<transferable>true</transferable>
<rely>false</rely>
<columnDependencyConstraintGenerateInDDL>true</columnDependencyConstraintGenerateInDDL>
</FKIndexAssociation>