<?xml version = '1.0' encoding = 'UTF-8'?>
<FKIndexAssociation class="oracle.dbtools.crest.model.design.relational.FKIndexAssociation" directorySegmentName="seg_0" id="48B52EA0-FB79-F4C0-0F85-3CDFFD0D94D7" containerWithKeyObject="9E2AB412-AAD1-E480-0DA4-FEB47087DC93" localFKIndex="90EEAE87-A497-8C25-D282-3A7378E805B7" name="Medico_AFP_FK">
<createdBy>asovo</createdBy>
<createdTime>2025-09-16 13:36:02 UTC</createdTime>
<generatorID>7C3A7207-1DD4-BDC7-C98A-BA5851EAEF6A</generatorID>
<ownerDesignName>Exp2_S5_Grupo4</ownerDesignName>
<referredTableLongName>AFP</referredTableLongName>
<deleteRule>NO ACTION</deleteRule>
<referredTableID>BD43ADBD-4404-182C-B13E-F642C0C409C6</referredTableID>
<keyObject>8D580DAF-9921-555C-E893-677B813F92CF</keyObject>
<referredKeyID>8D580DAF-9921-555C-E893-677B813F92CF</referredKeyID>
<mandatory>true</mandatory>
<refColNames>id_afp</refColNames>
<transferable>true</transferable>
<rely>false</rely>
<columnDependencyConstraintGenerateInDDL>true</columnDependencyConstraintGenerateInDDL>
</FKIndexAssociation>