<?xml version = '1.0' encoding = 'UTF-8'?>
<FKIndexAssociation class="oracle.dbtools.crest.model.design.relational.FKIndexAssociation" directorySegmentName="seg_0" id="4EB1DAC4-1220-6229-FEF5-9514CCC7F45B" containerWithKeyObject="0B17807C-DD3C-9CEB-196B-777DDA6F3FAF" localFKIndex="9F82193E-8A51-06F3-CB3B-C840985C00B3" name="Atencion_Medica_Paciente_FK">
<createdBy>asovo</createdBy>
<createdTime>2025-09-16 13:36:02 UTC</createdTime>
<generatorID>152C7A98-DAED-DF62-C205-C8AEFA51D716</generatorID>
<ownerDesignName>Exp2_S5_Grupo4</ownerDesignName>
<referredTableLongName>Paciente</referredTableLongName>
<deleteRule>NO ACTION</deleteRule>
<referredTableID>C1865CB2-EF6F-FFD3-ECCE-8256DB9453A8</referredTableID>
<keyObject>7DF73F9D-388B-1393-316A-BEE2696BBC4A</keyObject>
<referredKeyID>7DF73F9D-388B-1393-316A-BEE2696BBC4A</referredKeyID>
<mandatory>true</mandatory>
<refColNames>rut_paciente</refColNames>
<transferable>true</transferable>
<rely>false</rely>
<columnDependencyConstraintGenerateInDDL>true</columnDependencyConstraintGenerateInDDL>
</FKIndexAssociation>