<?xml version = '1.0' encoding = 'UTF-8'?>
<FKIndexAssociation class="oracle.dbtools.crest.model.design.relational.FKIndexAssociation" directorySegmentName="seg_0" id="5895CBAF-C51B-5F34-D663-74582A900061" containerWithKeyObject="9E2AB412-AAD1-E480-0DA4-FEB47087DC93" localFKIndex="BDF60671-523E-377B-69D9-F812F9AA5C6E" name="Medico_Institucion_Salud_FK">
<createdBy>asovo</createdBy>
<createdTime>2025-09-16 13:36:02 UTC</createdTime>
<generatorID>89448578-808D-C9CB-29DC-49E09EA88B47</generatorID>
<ownerDesignName>Exp2_S5_Grupo4</ownerDesignName>
<referredTableLongName>Institucion_Salud</referredTableLongName>
<deleteRule>NO ACTION</deleteRule>
<referredTableID>8C34C042-77AB-44C5-59ED-BE5AAFCEDFB1</referredTableID>
<keyObject>8071532A-F2D8-BF58-723F-D37FE5192DEB</keyObject>
<referredKeyID>8071532A-F2D8-BF58-723F-D37FE5192DEB</referredKeyID>
<mandatory>true</mandatory>
<refColNames>id_salud</refColNames>
<transferable>true</transferable>
<rely>false</rely>
<columnDependencyConstraintGenerateInDDL>true</columnDependencyConstraintGenerateInDDL>
</FKIndexAssociation>