<?xml version = '1.0' encoding = 'UTF-8'?>
<FKIndexAssociation class="oracle.dbtools.crest.model.design.relational.FKIndexAssociation" directorySegmentName="seg_0" id="CB670F59-F251-F553-A148-A85E7EA54D06" containerWithKeyObject="0B17807C-DD3C-9CEB-196B-777DDA6F3FAF" localFKIndex="5F19E614-90A2-D942-6B4C-FD76A590BE76" name="Atencion_Medica_Pago_Atencion_FK">
<createdBy>asovo</createdBy>
<createdTime>2025-09-16 13:36:02 UTC</createdTime>
<generatorID>2140CE13-CE60-3782-9895-DEA94202ED0D</generatorID>
<ownerDesignName>Exp2_S5_Grupo4</ownerDesignName>
<referredTableLongName>Pago_Atencion</referredTableLongName>
<deleteRule>NO ACTION</deleteRule>
<referredTableID>02924507-7BC0-68F4-41A9-EF4E208631A1</referredTableID>
<keyObject>746EBD74-0135-EE9C-48E0-AC342D64363D</keyObject>
<referredKeyID>746EBD74-0135-EE9C-48E0-AC342D64363D</referredKeyID>
<mandatory>true</mandatory>
<refColNames>id_pago</refColNames>
<transferable>true</transferable>
<rely>false</rely>
<columnDependencyConstraintGenerateInDDL>true</columnDependencyConstraintGenerateInDDL>
</FKIndexAssociation>