<?xml version = '1.0' encoding = 'UTF-8'?>
<FKIndexAssociation class="oracle.dbtools.crest.model.design.relational.FKIndexAssociation" directorySegmentName="seg_0" id="D3968F26-7DA4-F71A-50A4-0058C6E18BAB" containerWithKeyObject="0B17807C-DD3C-9CEB-196B-777DDA6F3FAF" localFKIndex="1368E9BA-53DC-42AE-5C52-FF8A3F30C873" name="Atencion_Medica_Medico_FK">
<createdBy>asovo</createdBy>
<createdTime>2025-09-16 13:36:02 UTC</createdTime>
<generatorID>5A74757F-46F8-F52D-4C85-A69D5C5842E3</generatorID>
<ownerDesignName>Exp2_S5_Grupo4</ownerDesignName>
<referredTableLongName>Medico</referredTableLongName>
<deleteRule>NO ACTION</deleteRule>
<referredTableID>9E2AB412-AAD1-E480-0DA4-FEB47087DC93</referredTableID>
<keyObject>AD5E5C9E-2C01-F337-6413-36BCC0BC2F08</keyObject>
<referredKeyID>AD5E5C9E-2C01-F337-6413-36BCC0BC2F08</referredKeyID>
<mandatory>false</mandatory>
<refColNames>rut_medico</refColNames>
<transferable>true</transferable>
<rely>false</rely>
<columnDependencyConstraintGenerateInDDL>true</columnDependencyConstraintGenerateInDDL>
</FKIndexAssociation>