<?xml version = '1.0' encoding = 'UTF-8'?>
<FKIndexAssociation class="oracle.dbtools.crest.model.design.relational.FKIndexAssociation" directorySegmentName="seg_0" id="E4E9EAF0-73A1-C050-F0FD-07A0A0C7AF3B" containerWithKeyObject="C1865CB2-EF6F-FFD3-ECCE-8256DB9453A8" localFKIndex="4480A5D7-C639-D0C8-6F03-AE676494F0E0" name="Paciente_Comuna_FK">
<createdBy>asovo</createdBy>
<createdTime>2025-09-16 13:36:02 UTC</createdTime>
<generatorID>C69D7463-0469-FEC7-94BB-804EA0D357AF</generatorID>
<ownerDesignName>Exp2_S5_Grupo4</ownerDesignName>
<referredTableLongName>Comuna</referredTableLongName>
<deleteRule>NO ACTION</deleteRule>
<referredTableID>172516B4-5560-09EC-BCA2-E710CF6CEC47</referredTableID>
<keyObject>802D343D-0D72-9F1E-C438-72213E25CF5B</keyObject>
<referredKeyID>802D343D-0D72-9F1E-C438-72213E25CF5B</referredKeyID>
<mandatory>true</mandatory>
<refColNames>id_comuna</refColNames>
<transferable>true</transferable>
<rely>false</rely>
<columnDependencyConstraintGenerateInDDL>true</columnDependencyConstraintGenerateInDDL>
</FKIndexAssociation>