<?xml version = '1.0' encoding = 'UTF-8'?>
<Diagram class="oracle.dbtools.crest.swingui.logical.DPVLogical" name="Logical" id="CE761761-32DF-7EF0-6819-6F490DCE86C0">
<createdBy>asovo</createdBy>
<modifiedBy>asovo</modifiedBy>
<createdTime>2025-09-16 12:45:18 UTC</createdTime>
<autoRoute>false</autoRoute>
<boxInbox>true</boxInbox>
<showLegend>false</showLegend>
<showLabels>false</showLabels>
<showRelAttributes>false</showRelAttributes>
<gridEnabled>false</gridEnabled>
<showGrid>false</showGrid>
<diagramColor>-1</diagramColor>
<display>false</display>
<notation>1</notation>
<objectViews>
<OView class="oracle.dbtools.crest.swingui.logical.TVEntity" oid="0BC6EC66-705D-0B30-2D0E-2C7F2AC6C231" otype="Entity" vid="79CDBF3E-78B6-5F6C-296A-E3CE6AFCEA57">
<hideElementsInCurrentOnly>false</hideElementsInCurrentOnly>
<bounds x="43" y="248" width="177" height="86"/>
</OView>
<OView class="oracle.dbtools.crest.swingui.logical.TVEntity" oid="163807A1-A821-9C8B-2E72-C0AE0EDFDABC" otype="Entity" vid="A161018F-C7D0-CDC5-4DC7-18A9B30C08BA">
<hideElementsInCurrentOnly>false</hideElementsInCurrentOnly>
<bounds x="598" y="235" width="170" height="110"/>
</OView>
<OView class="oracle.dbtools.crest.swingui.logical.TVEntity" oid="2BEEFA49-2637-A41B-950A-A5B34D6E5BCF" otype="Entity" vid="C48CF741-5CB1-6CAA-A7BB-A4A7A7C52B81">
<hideElementsInCurrentOnly>false</hideElementsInCurrentOnly>
<bounds x="858" y="4" width="138" height="84"/>
</OView>
<OView class="oracle.dbtools.crest.swingui.logical.TVEntity" oid="5CF3623F-DC98-0825-E50E-B6A4DAF1B43A" otype="Entity" vid="F38211B9-A6E7-EA9E-BEB4-EB15B28AA85A">
<hideElementsInCurrentOnly>false</hideElementsInCurrentOnly>
<bounds x="346" y="288" width="136" height="121"/>
</OView>
<OView class="oracle.dbtools.crest.swingui.logical.TVEntity" oid="78470B7B-AB3B-1B97-BC3D-84273F6829D6" otype="Entity" vid="A380FE33-E46B-695C-C626-C807718A817E">
<hideElementsInCurrentOnly>false</hideElementsInCurrentOnly>
<bounds x="336" y="21" width="170" height="164"/>
</OView>
<OView class="oracle.dbtools.crest.swingui.logical.TVEntity" oid="81129F5E-D05A-78B1-2E2F-5615AB659F8A" otype="Entity" vid="AEE0CC21-B80A-EBD1-59E6-2B9CDBEBFF81">
<hideElementsInCurrentOnly>false</hideElementsInCurrentOnly>
<bounds x="594" y="33" width="170" height="125"/>
</OView>
<OView class="oracle.dbtools.crest.swingui.logical.TVEntity" oid="88D836E3-EB09-6C25-21EC-65FEECA5EB11" otype="Entity" vid="88A385BD-BEFA-712B-9F6D-876E090876FF">
<hideElementsInCurrentOnly>false</hideElementsInCurrentOnly>
<bounds x="848" y="111" width="156" height="108"/>
</OView>
<OView class="oracle.dbtools.crest.swingui.logical.TVEntity" oid="A0ADB19E-822A-D8A4-AEB1-5CAA6C4FBB53" otype="Entity" vid="79212E92-1AE6-12A2-4ED9-3D05D7469830">
<hideElementsInCurrentOnly>false</hideElementsInCurrentOnly>
<bounds x="47" y="28" width="163" height="132"/>
</OView>
<OView class="oracle.dbtools.crest.swingui.logical.TVEntity" oid="ED0297A4-E1AE-8E54-C70B-6F959997A98C" otype="Entity" vid="277F134F-DB02-4BA9-DE9A-24C88334FF4C">
<hideElementsInCurrentOnly>false</hideElementsInCurrentOnly>
<bounds x="66" y="402" width="128" height="73"/>
</OView>
</objectViews>
<connectors>
<Connector class="oracle.dbtools.crest.swingui.logical.TVRelation" oid="152C7A98-DAED-DF62-C205-C8AEFA51D716" otype="Relation" vid_source="79212E92-1AE6-12A2-4ED9-3D05D7469830" vid_target="A380FE33-E46B-695C-C626-C807718A817E">
<hideElementsInCurrentOnly>false</hideElementsInCurrentOnly>
<backgroundColor>-16777216</backgroundColor>
<lineWidth>1</lineWidth>
<points>
<point x="210" y="94"/>
<point x="336" y="94"/>
</points>
</Connector>
<Connector class="oracle.dbtools.crest.swingui.logical.TVRelation" oid="2140CE13-CE60-3782-9895-DEA94202ED0D" otype="Relation" vid_source="A380FE33-E46B-695C-C626-C807718A817E" vid_target="F38211B9-A6E7-EA9E-BEB4-EB15B28AA85A">
<hideElementsInCurrentOnly>false</hideElementsInCurrentOnly>
<backgroundColor>-16777216</backgroundColor>
<lineWidth>1</lineWidth>
<points>
<point x="414" y="185"/>
<point x="414" y="288"/>
</points>
</Connector>
<Connector class="oracle.dbtools.crest.swingui.logical.TVRelation" oid="55F7F886-E2F4-4E1F-395A-9005B8AC3810" otype="Relation" vid_source="277F134F-DB02-4BA9-DE9A-24C88334FF4C" vid_target="79CDBF3E-78B6-5F6C-296A-E3CE6AFCEA57">
<hideElementsInCurrentOnly>false</hideElementsInCurrentOnly>
<backgroundColor>-16777216</backgroundColor>
<lineWidth>1</lineWidth>
<points>
<point x="130" y="402"/>
<point x="130" y="334"/>
</points>
</Connector>
<Connector class="oracle.dbtools.crest.swingui.logical.TVRelation" oid="5A74757F-46F8-F52D-4C85-A69D5C5842E3" otype="Relation" vid_source="A380FE33-E46B-695C-C626-C807718A817E" vid_target="AEE0CC21-B80A-EBD1-59E6-2B9CDBEBFF81">
<hideElementsInCurrentOnly>false</hideElementsInCurrentOnly>
<backgroundColor>-16777216</backgroundColor>
<lineWidth>1</lineWidth>
<points>
<point x="506" y="95"/>
<point x="594" y="95"/>
</points>
</Connector>
<Connector class="oracle.dbtools.crest.swingui.logical.TVRelation" oid="6BC4C647-223D-6A98-84B0-5AA4A232D77D" otype="Relation" vid_source="AEE0CC21-B80A-EBD1-59E6-2B9CDBEBFF81" vid_target="A161018F-C7D0-CDC5-4DC7-18A9B30C08BA">
<hideElementsInCurrentOnly>false</hideElementsInCurrentOnly>
<backgroundColor>-16777216</backgroundColor>
<lineWidth>1</lineWidth>
<points>
<point x="681" y="158"/>
<point x="681" y="235"/>
</points>
</Connector>
<Connector class="oracle.dbtools.crest.swingui.logical.TVRelation" oid="7C3A7207-1DD4-BDC7-C98A-BA5851EAEF6A" otype="Relation" vid_source="C48CF741-5CB1-6CAA-A7BB-A4A7A7C52B81" vid_target="AEE0CC21-B80A-EBD1-59E6-2B9CDBEBFF81">
<hideElementsInCurrentOnly>false</hideElementsInCurrentOnly>
<backgroundColor>-16777216</backgroundColor>
<lineWidth>1</lineWidth>
<points>
<point x="858" y="60"/>
<point x="764" y="60"/>
</points>
</Connector>
<Connector class="oracle.dbtools.crest.swingui.logical.TVRelation" oid="89448578-808D-C9CB-29DC-49E09EA88B47" otype="Relation" vid_source="AEE0CC21-B80A-EBD1-59E6-2B9CDBEBFF81" vid_target="88A385BD-BEFA-712B-9F6D-876E090876FF">
<hideElementsInCurrentOnly>false</hideElementsInCurrentOnly>
<backgroundColor>-16777216</backgroundColor>
<lineWidth>1</lineWidth>
<points>
<point x="764" y="134"/>
<point x="848" y="134"/>
</points>
</Connector>
<Connector class="oracle.dbtools.crest.swingui.logical.TVRelation" oid="C69D7463-0469-FEC7-94BB-804EA0D357AF" otype="Relation" vid_source="79212E92-1AE6-12A2-4ED9-3D05D7469830" vid_target="79CDBF3E-78B6-5F6C-296A-E3CE6AFCEA57">
<hideElementsInCurrentOnly>false</hideElementsInCurrentOnly>
<backgroundColor>-16777216</backgroundColor>
<lineWidth>1</lineWidth>
<points>
<point x="128" y="160"/>
<point x="128" y="248"/>
</points>
</Connector>
</connectors>
</Diagram>