<?xml version = '1.0' encoding = 'UTF-8'?>
<Diagram class="oracle.dbtools.crest.swingui.relational.DPVRelational" name="Relational_1" id="AC39B830-BB20-9390-EB46-FCA92D370F26">
<createdBy>asovo</createdBy>
<modifiedBy>asovo</modifiedBy>
<createdTime>2025-09-16 12:45:11 UTC</createdTime>
<autoRoute>false</autoRoute>
<boxInbox>true</boxInbox>
<showLegend>false</showLegend>
<showLabels>false</showLabels>
<showRelAttributes>false</showRelAttributes>
<gridEnabled>false</gridEnabled>
<showGrid>false</showGrid>
<diagramColor>-1</diagramColor>
<display>false</display>
<notation>1</notation>
<objectViews>
<OView class="oracle.dbtools.crest.swingui.relational.TVTable" oid="02924507-7BC0-68F4-41A9-EF4E208631A1" otype="Table" vid="9D517C1C-5AE3-78A9-9273-731B86289D08">
<hideElementsInCurrentOnly>false</hideElementsInCurrentOnly>
<bounds x="383" y="413" width="370" height="225"/>
</OView>
<OView class="oracle.dbtools.crest.swingui.relational.TVTable" oid="0B17807C-DD3C-9CEB-196B-777DDA6F3FAF" otype="Table" vid="D40CC749-ED52-954E-6E90-44891C096754">
<hideElementsInCurrentOnly>false</hideElementsInCurrentOnly>
<bounds x="403" y="19" width="345" height="305"/>
</OView>
<OView class="oracle.dbtools.crest.swingui.relational.TVTable" oid="172516B4-5560-09EC-BCA2-E710CF6CEC47" otype="Table" vid="05FD8F4F-3812-01B6-9864-C57F8DE34812">
<hideElementsInCurrentOnly>false</hideElementsInCurrentOnly>
<bounds x="53" y="249" width="244" height="128"/>
</OView>
<OView class="oracle.dbtools.crest.swingui.relational.TVTable" oid="300D4D13-08E0-F2F2-CEF4-FF8630C62568" otype="Table" vid="217E56C2-7D92-6ECA-F7D8-0E2B40DBDC5B">
<hideElementsInCurrentOnly>false</hideElementsInCurrentOnly>
<bounds x="68" y="443" width="216" height="88"/>
</OView>
<OView class="oracle.dbtools.crest.swingui.relational.TVTable" oid="8C34C042-77AB-44C5-59ED-BE5AAFCEDFB1" otype="Table" vid="CF79DC04-D00E-3807-E1B6-CA9C2D921D44">
<hideElementsInCurrentOnly>false</hideElementsInCurrentOnly>
<bounds x="973" y="516" width="193" height="111"/>
</OView>
<OView class="oracle.dbtools.crest.swingui.relational.TVTable" oid="9E2AB412-AAD1-E480-0DA4-FEB47087DC93" otype="Table" vid="F283A473-6D69-1EB3-E574-941C3ED6C54D">
<hideElementsInCurrentOnly>false</hideElementsInCurrentOnly>
<bounds x="875" y="29" width="311" height="236"/>
</OView>
<OView class="oracle.dbtools.crest.swingui.relational.TVTable" oid="BD43ADBD-4404-182C-B13E-F642C0C409C6" otype="Table" vid="1F2E5C59-BDE3-B91C-1F02-900897BC2F61">
<hideElementsInCurrentOnly>false</hideElementsInCurrentOnly>
<bounds x="1112" y="396" width="193" height="96"/>
</OView>
<OView class="oracle.dbtools.crest.swingui.relational.TVTable" oid="C1865CB2-EF6F-FFD3-ECCE-8256DB9453A8" otype="Table" vid="93B3C9A0-4613-B4CB-DA31-C5FD5BFB8050">
<hideElementsInCurrentOnly>false</hideElementsInCurrentOnly>
<bounds x="47" y="28" width="251" height="174"/>
</OView>
<OView class="oracle.dbtools.crest.swingui.relational.TVTable" oid="FEA14AE7-6499-3CC9-9DA8-DC011FC29CA8" otype="Table" vid="B8EEAF6D-884F-63E1-E479-5A9A5F44B602">
<hideElementsInCurrentOnly>false</hideElementsInCurrentOnly>
<bounds x="788" y="403" width="241" height="94"/>
</OView>
</objectViews>
<connectors>
<Connector class="oracle.dbtools.crest.swingui.relational.TVFKRelation" oid="01B01E3A-A1AD-8EE5-3BDA-75015C1C9D3F" otype="FKIndexAssociation" vid_source="217E56C2-7D92-6ECA-F7D8-0E2B40DBDC5B" vid_target="05FD8F4F-3812-01B6-9864-C57F8DE34812">
<hideElementsInCurrentOnly>false</hideElementsInCurrentOnly>
<backgroundColor>-16777216</backgroundColor>
<lineWidth>1</lineWidth>
<points>
<point x="176" y="443"/>
<point x="176" y="377"/>
</points>
</Connector>
<Connector class="oracle.dbtools.crest.swingui.relational.TVFKRelation" oid="1257FADB-4568-0DAA-8B2A-5DE719C66236" otype="FKIndexAssociation" vid_source="B8EEAF6D-884F-63E1-E479-5A9A5F44B602" vid_target="F283A473-6D69-1EB3-E574-941C3ED6C54D">
<hideElementsInCurrentOnly>false</hideElementsInCurrentOnly>
<backgroundColor>-16777216</backgroundColor>
<lineWidth>1</lineWidth>
<points>
<point x="952" y="403"/>
<point x="952" y="265"/>
</points>
</Connector>
<Connector class="oracle.dbtools.crest.swingui.relational.TVFKRelation" oid="294E7E02-15D1-3A97-2AD6-5A751883A90E" otype="FKIndexAssociation" vid_source="D40CC749-ED52-954E-6E90-44891C096754" vid_target="9D517C1C-5AE3-78A9-9273-731B86289D08">
<hideElementsInCurrentOnly>false</hideElementsInCurrentOnly>
<backgroundColor>-16777216</backgroundColor>
<lineWidth>1</lineWidth>
<points>
<point x="590" y="324"/>
<point x="590" y="413"/>
</points>
</Connector>
<Connector class="oracle.dbtools.crest.swingui.relational.TVFKRelation" oid="48B52EA0-FB79-F4C0-0F85-3CDFFD0D94D7" otype="FKIndexAssociation" vid_source="1F2E5C59-BDE3-B91C-1F02-900897BC2F61" vid_target="F283A473-6D69-1EB3-E574-941C3ED6C54D">
<hideElementsInCurrentOnly>false</hideElementsInCurrentOnly>
<backgroundColor>-16777216</backgroundColor>
<lineWidth>1</lineWidth>
<points>
<point x="1149" y="396"/>
<point x="1149" y="265"/>
</points>
</Connector>
<Connector class="oracle.dbtools.crest.swingui.relational.TVFKRelation" oid="4EB1DAC4-1220-6229-FEF5-9514CCC7F45B" otype="FKIndexAssociation" vid_source="93B3C9A0-4613-B4CB-DA31-C5FD5BFB8050" vid_target="D40CC749-ED52-954E-6E90-44891C096754">
<hideElementsInCurrentOnly>false</hideElementsInCurrentOnly>
<backgroundColor>-16777216</backgroundColor>
<lineWidth>1</lineWidth>
<points>
<point x="298" y="115"/>
<point x="403" y="115"/>
</points>
</Connector>
<Connector class="oracle.dbtools.crest.swingui.relational.TVFKRelation" oid="5895CBAF-C51B-5F34-D663-74582A900061" otype="FKIndexAssociation" vid_source="CF79DC04-D00E-3807-E1B6-CA9C2D921D44" vid_target="F283A473-6D69-1EB3-E574-941C3ED6C54D">
<hideElementsInCurrentOnly>false</hideElementsInCurrentOnly>
<backgroundColor>-16777216</backgroundColor>
<lineWidth>1</lineWidth>
<points>
<point x="1069" y="516"/>
<point x="1069" y="265"/>
</points>
</Connector>
<Connector class="oracle.dbtools.crest.swingui.relational.TVFKRelation" oid="CB670F59-F251-F553-A148-A85E7EA54D06" otype="FKIndexAssociation" vid_source="9D517C1C-5AE3-78A9-9273-731B86289D08" vid_target="D40CC749-ED52-954E-6E90-44891C096754">
<hideElementsInCurrentOnly>false</hideElementsInCurrentOnly>
<backgroundColor>-16777216</backgroundColor>
<lineWidth>1</lineWidth>
<points>
<point x="575" y="413"/>
<point x="575" y="324"/>
</points>
</Connector>
<Connector class="oracle.dbtools.crest.swingui.relational.TVFKRelation" oid="D3968F26-7DA4-F71A-50A4-0058C6E18BAB" otype="FKIndexAssociation" vid_source="F283A473-6D69-1EB3-E574-941C3ED6C54D" vid_target="D40CC749-ED52-954E-6E90-44891C096754">
<hideElementsInCurrentOnly>false</hideElementsInCurrentOnly>
<backgroundColor>-16777216</backgroundColor>
<lineWidth>1</lineWidth>
<points>
<point x="875" y="147"/>
<point x="748" y="147"/>
</points>
</Connector>
<Connector class="oracle.dbtools.crest.swingui.relational.TVFKRelation" oid="E4E9EAF0-73A1-C050-F0FD-07A0A0C7AF3B" otype="FKIndexAssociation" vid_source="05FD8F4F-3812-01B6-9864-C57F8DE34812" vid_target="93B3C9A0-4613-B4CB-DA31-C5FD5BFB8050">
<hideElementsInCurrentOnly>false</hideElementsInCurrentOnly>
<backgroundColor>-16777216</backgroundColor>
<lineWidth>1</lineWidth>
<points>
<point x="175" y="249"/>
<point x="175" y="202"/>
</points>
</Connector>
</connectors>
</Diagram>