<?xml version = '1.0' encoding = 'UTF-8'?>
<Entity class="oracle.dbtools.crest.model.design.logical.Entity" directorySegmentName="seg_0" id="0BC6EC66-705D-0B30-2D0E-2C7F2AC6C231" name="Comuna">
<createdBy>asovo</createdBy>
<createdTime>2025-09-16 13:03:06 UTC</createdTime>
<ownerDesignName>Exp2_S5_Grupo4</ownerDesignName>
<engineerTo>
<item key="A1EB4CF6-0FD4-EC0A-5F43-8986E829CBE2" value="true"/>
</engineerTo>
<adequatelyNormalized>NO</adequatelyNormalized>
<expectedVolumes>0</expectedVolumes>
<fwdEngineeringStrategyName>Single Table</fwdEngineeringStrategyName>
<growthPercent>0</growthPercent>
<growthType>Year</growthType>
<maxVolumes>9999999</maxVolumes>
<minVolumes>0</minVolumes>
<normalForm>Third</normalForm>
<attributes itemClass="oracle.dbtools.crest.model.design.logical.Attribute">
<Attribute name="id_comuna" id="E5124E3A-BFF7-B83F-3BC8-91273F06DFD3">
<createdBy>asovo</createdBy>
<createdTime>2025-09-16 13:03:12 UTC</createdTime>
<ownerDesignName>Exp2_S5_Grupo4</ownerDesignName>
<engineerTo>
<item key="A1EB4CF6-0FD4-EC0A-5F43-8986E829CBE2" value="true"/>
</engineerTo>
<useDomainConstraints>false</useDomainConstraints>
<use>1</use>
<logicalDatatype>LOGDT024</logicalDatatype>
<dataTypeSize>100</dataTypeSize>
<ownDataTypeParameters>100,,</ownDataTypeParameters>
</Attribute>
<Attribute name="nombre_comuna" id="12634DA7-8229-D0A3-15D0-F77ACED005FE">
<createdBy>asovo</createdBy>
<createdTime>2025-09-16 13:03:58 UTC</createdTime>
<ownerDesignName>Exp2_S5_Grupo4</ownerDesignName>
<engineerTo>
<item key="A1EB4CF6-0FD4-EC0A-5F43-8986E829CBE2" value="true"/>
</engineerTo>
<useDomainConstraints>false</useDomainConstraints>
<use>1</use>
<logicalDatatype>LOGDT024</logicalDatatype>
<dataTypeSize>100</dataTypeSize>
<ownDataTypeParameters>100,,</ownDataTypeParameters>
</Attribute>
<Attribute name="id_region" id="20E4058A-8DB0-4DC4-2B30-08215F68E750">
<createdBy>asovo</createdBy>
<createdTime>2025-09-16 13:04:17 UTC</createdTime>
<ownerDesignName>Exp2_S5_Grupo4</ownerDesignName>
<engineerTo>
<item key="A1EB4CF6-0FD4-EC0A-5F43-8986E829CBE2" value="true"/>
</engineerTo>
<useDomainConstraints>false</useDomainConstraints>
<use>1</use>
<logicalDatatype>LOGDT024</logicalDatatype>
<dataTypeSize>100</dataTypeSize>
<ownDataTypeParameters>100,,</ownDataTypeParameters>
</Attribute>
<Attribute name="id_region1" id="53704ED8-6EC5-B296-916B-33484BBBC7F6">
<createdBy>asovo</createdBy>
<createdTime>2025-09-16 13:35:07 UTC</createdTime>
<generatorID>55F7F886-E2F4-4E1F-395A-9005B8AC3810</generatorID>
<ownerDesignName>Exp2_S5_Grupo4</ownerDesignName>
<engineerTo>
<item key="A1EB4CF6-0FD4-EC0A-5F43-8986E829CBE2" value="true"/>
</engineerTo>
<referedAttribute>C50FC842-4DE1-C51F-C443-5DD4E2CA18E6</referedAttribute>
<useDomainConstraints>false</useDomainConstraints>
<use>1</use>
<logicalDatatype>LOGDT024</logicalDatatype>
<dataTypeSize>100</dataTypeSize>
<ownDataTypeParameters>,,</ownDataTypeParameters>
</Attribute>
</attributes>
<identifiers itemClass="oracle.dbtools.crest.model.design.logical.CandidateKey">
<identifier id="AC86A5DD-250E-9C45-7E0E-6B8D52027ECE" name="Comuna PK">
<createdBy>asovo</createdBy>
<createdTime>2025-09-16 13:03:17 UTC</createdTime>
<ownerDesignName>Exp2_S5_Grupo4</ownerDesignName>
<engineerTo>
<item key="A1EB4CF6-0FD4-EC0A-5F43-8986E829CBE2" value="true"/>
</engineerTo>
<pk>true</pk>
<usedAttributes>
<attributeRef>E5124E3A-BFF7-B83F-3BC8-91273F06DFD3</attributeRef>
</usedAttributes>
</identifier>
</identifiers>
</Entity>