<?xml version = '1.0' encoding = 'UTF-8'?>
<Entity class="oracle.dbtools.crest.model.design.logical.Entity" directorySegmentName="seg_0" id="163807A1-A821-9C8B-2E72-C0AE0EDFDABC" name="Especialidad">
<createdBy>asovo</createdBy>
<createdTime>2025-09-16 13:06:44 UTC</createdTime>
<ownerDesignName>Exp2_S5_Grupo4</ownerDesignName>
<engineerTo>
<item key="A1EB4CF6-0FD4-EC0A-5F43-8986E829CBE2" value="true"/>
</engineerTo>
<adequatelyNormalized>NO</adequatelyNormalized>
<expectedVolumes>0</expectedVolumes>
<fwdEngineeringStrategyName>Single Table</fwdEngineeringStrategyName>
<growthPercent>0</growthPercent>
<growthType>Year</growthType>
<maxVolumes>9999999</maxVolumes>
<minVolumes>0</minVolumes>
<normalForm>Third</normalForm>
<attributes itemClass="oracle.dbtools.crest.model.design.logical.Attribute">
<Attribute name="id_especialidad" id="9DB669C4-60C3-5192-5231-18FA31E1B069">
<createdBy>asovo</createdBy>
<createdTime>2025-09-16 13:06:51 UTC</createdTime>
<ownerDesignName>Exp2_S5_Grupo4</ownerDesignName>
<engineerTo>
<item key="A1EB4CF6-0FD4-EC0A-5F43-8986E829CBE2" value="true"/>
</engineerTo>
<useDomainConstraints>false</useDomainConstraints>
<use>1</use>
<logicalDatatype>LOGDT024</logicalDatatype>
<dataTypeSize>150</dataTypeSize>
<ownDataTypeParameters>150,,</ownDataTypeParameters>
</Attribute>
<Attribute name="nombre_especialidad" id="36D162CC-0576-8669-04DC-8BA7E0991A2D">
<createdBy>asovo</createdBy>
<createdTime>2025-09-16 13:06:51 UTC</createdTime>
<ownerDesignName>Exp2_S5_Grupo4</ownerDesignName>
<engineerTo>
<item key="A1EB4CF6-0FD4-EC0A-5F43-8986E829CBE2" value="true"/>
</engineerTo>
<useDomainConstraints>false</useDomainConstraints>
<use>1</use>
<logicalDatatype>LOGDT024</logicalDatatype>
<dataTypeSize>100</dataTypeSize>
<ownDataTypeParameters>100,,</ownDataTypeParameters>
</Attribute>
</attributes>
<identifiers itemClass="oracle.dbtools.crest.model.design.logical.CandidateKey">
<identifier id="7B73F6A6-916C-0996-8674-80E27CE7976D" name="Especialidad PK">
<createdBy>asovo</createdBy>
<createdTime>2025-09-16 13:07:00 UTC</createdTime>
<ownerDesignName>Exp2_S5_Grupo4</ownerDesignName>
<engineerTo>
<item key="A1EB4CF6-0FD4-EC0A-5F43-8986E829CBE2" value="true"/>
</engineerTo>
<pk>true</pk>
<usedAttributes>
<attributeRef>9DB669C4-60C3-5192-5231-18FA31E1B069</attributeRef>
</usedAttributes>
</identifier>
</identifiers>
</Entity>