<?xml version = '1.0' encoding = 'UTF-8'?>
<Entity class="oracle.dbtools.crest.model.design.logical.Entity" directorySegmentName="seg_0" id="88D836E3-EB09-6C25-21EC-65FEECA5EB11" name="Institucion_Salud">
<createdBy>asovo</createdBy>
<createdTime>2025-09-16 13:08:47 UTC</createdTime>
<ownerDesignName>Exp2_S5_Grupo4</ownerDesignName>
<engineerTo>
<item key="A1EB4CF6-0FD4-EC0A-5F43-8986E829CBE2" value="true"/>
</engineerTo>
<adequatelyNormalized>NO</adequatelyNormalized>
<expectedVolumes>0</expectedVolumes>
<fwdEngineeringStrategyName>Single Table</fwdEngineeringStrategyName>
<growthPercent>0</growthPercent>
<growthType>Year</growthType>
<maxVolumes>9999999</maxVolumes>
<minVolumes>0</minVolumes>
<normalForm>Third</normalForm>
<attributes itemClass="oracle.dbtools.crest.model.design.logical.Attribute">
<Attribute name="id_salud" id="A13BC9DE-FB91-71FE-622A-2BDCD044C4C7">
<createdBy>asovo</createdBy>
<createdTime>2025-09-16 13:08:58 UTC</createdTime>
<ownerDesignName>Exp2_S5_Grupo4</ownerDesignName>
<engineerTo>
<item key="A1EB4CF6-0FD4-EC0A-5F43-8986E829CBE2" value="true"/>
</engineerTo>
<useDomainConstraints>false</useDomainConstraints>
<use>1</use>
<logicalDatatype>LOGDT024</logicalDatatype>
<dataTypeSize>100</dataTypeSize>
<ownDataTypeParameters>100,,</ownDataTypeParameters>
</Attribute>
<Attribute name="nombre" id="9D1B94CB-13A7-DB5B-BF4C-1E28ED4D0A67">
<createdBy>asovo</createdBy>
<createdTime>2025-09-16 13:08:58 UTC</createdTime>
<ownerDesignName>Exp2_S5_Grupo4</ownerDesignName>
<engineerTo>
<item key="A1EB4CF6-0FD4-EC0A-5F43-8986E829CBE2" value="true"/>
</engineerTo>
<useDomainConstraints>false</useDomainConstraints>
<use>1</use>
<logicalDatatype>LOGDT024</logicalDatatype>
<dataTypeSize>100</dataTypeSize>
<ownDataTypeParameters>100,,</ownDataTypeParameters>
</Attribute>
<Attribute name="codigo" id="3031A356-F56E-0395-319B-C4E888930ED9">
<createdBy>asovo</createdBy>
<createdTime>2025-09-16 13:08:59 UTC</createdTime>
<ownerDesignName>Exp2_S5_Grupo4</ownerDesignName>
<engineerTo>
<item key="A1EB4CF6-0FD4-EC0A-5F43-8986E829CBE2" value="true"/>
</engineerTo>
<useDomainConstraints>false</useDomainConstraints>
<use>1</use>
<logicalDatatype>LOGDT024</logicalDatatype>
<dataTypeSize>100</dataTypeSize>
<ownDataTypeParameters>100,,</ownDataTypeParameters>
</Attribute>
<Attribute name="tipo" id="BE7C222B-290C-309B-DB5D-9A82BE9B5D3F">
<createdBy>asovo</createdBy>
<createdTime>2025-09-16 13:08:59 UTC</createdTime>
<ownerDesignName>Exp2_S5_Grupo4</ownerDesignName>
<engineerTo>
<item key="A1EB4CF6-0FD4-EC0A-5F43-8986E829CBE2" value="true"/>
</engineerTo>
<useDomainConstraints>false</useDomainConstraints>
<use>1</use>
<logicalDatatype>LOGDT024</logicalDatatype>
<dataTypeSize>100</dataTypeSize>
<ownDataTypeParameters>100,,</ownDataTypeParameters>
</Attribute>
</attributes>
<identifiers itemClass="oracle.dbtools.crest.model.design.logical.CandidateKey">
<identifier id="B9B94B31-1639-3AD6-A9FE-D73B4571F32C" name="Institucion_Salud PK">
<createdBy>asovo</createdBy>
<createdTime>2025-09-16 13:09:16 UTC</createdTime>
<ownerDesignName>Exp2_S5_Grupo4</ownerDesignName>
<engineerTo>
<item key="A1EB4CF6-0FD4-EC0A-5F43-8986E829CBE2" value="true"/>
</engineerTo>
<pk>true</pk>
<usedAttributes>
<attributeRef>A13BC9DE-FB91-71FE-622A-2BDCD044C4C7</attributeRef>
</usedAttributes>
</identifier>
</identifiers>
</Entity>