<?xml version = '1.0' encoding = 'UTF-8'?>
<Entity class="oracle.dbtools.crest.model.design.logical.Entity" directorySegmentName="seg_0" id="ED0297A4-E1AE-8E54-C70B-6F959997A98C" name="Region">
<createdBy>asovo</createdBy>
<createdTime>2025-09-16 13:04:43 UTC</createdTime>
<ownerDesignName>Exp2_S5_Grupo4</ownerDesignName>
<engineerTo>
<item key="A1EB4CF6-0FD4-EC0A-5F43-8986E829CBE2" value="true"/>
</engineerTo>
<adequatelyNormalized>NO</adequatelyNormalized>
<expectedVolumes>0</expectedVolumes>
<fwdEngineeringStrategyName>Single Table</fwdEngineeringStrategyName>
<growthPercent>0</growthPercent>
<growthType>Year</growthType>
<maxVolumes>9999999</maxVolumes>
<minVolumes>0</minVolumes>
<normalForm>Third</normalForm>
<attributes itemClass="oracle.dbtools.crest.model.design.logical.Attribute">
<Attribute name="id_region" id="C50FC842-4DE1-C51F-C443-5DD4E2CA18E6">
<createdBy>asovo</createdBy>
<createdTime>2025-09-16 13:04:52 UTC</createdTime>
<ownerDesignName>Exp2_S5_Grupo4</ownerDesignName>
<engineerTo>
<item key="A1EB4CF6-0FD4-EC0A-5F43-8986E829CBE2" value="true"/>
</engineerTo>
<useDomainConstraints>false</useDomainConstraints>
<use>1</use>
<logicalDatatype>LOGDT024</logicalDatatype>
<dataTypeSize>100</dataTypeSize>
<ownDataTypeParameters>100,,</ownDataTypeParameters>
</Attribute>
<Attribute name="nombre_region" id="618CCFCC-83D0-C1DB-E103-0931AC08FD9B">
<createdBy>asovo</createdBy>
<createdTime>2025-09-16 13:04:52 UTC</createdTime>
<ownerDesignName>Exp2_S5_Grupo4</ownerDesignName>
<engineerTo>
<item key="A1EB4CF6-0FD4-EC0A-5F43-8986E829CBE2" value="true"/>
</engineerTo>
<useDomainConstraints>false</useDomainConstraints>
<use>1</use>
<logicalDatatype>LOGDT024</logicalDatatype>
<dataTypeSize>100</dataTypeSize>
<ownDataTypeParameters>100,,</ownDataTypeParameters>
</Attribute>
</attributes>
<identifiers itemClass="oracle.dbtools.crest.model.design.logical.CandidateKey">
<identifier id="0EB46200-F85A-12F0-B4EE-DB5AFD070601" name="Region PK">
<createdBy>asovo</createdBy>
<createdTime>2025-09-16 13:05:06 UTC</createdTime>
<ownerDesignName>Exp2_S5_Grupo4</ownerDesignName>
<engineerTo>
<item key="A1EB4CF6-0FD4-EC0A-5F43-8986E829CBE2" value="true"/>
</engineerTo>
<pk>true</pk>
<usedAttributes>
<attributeRef>C50FC842-4DE1-C51F-C443-5DD4E2CA18E6</attributeRef>
</usedAttributes>
</identifier>
</identifiers>
</Entity>