<?xml version = '1.0' encoding = 'UTF-8'?>
<Table class="oracle.dbtools.crest.model.design.relational.Table" directorySegmentName="seg_0" id="02924507-7BC0-68F4-41A9-EF4E208631A1" name="Pago_Atencion">
<createdBy>asovo</createdBy>
<createdTime>2025-09-16 13:36:02 UTC</createdTime>
<generatorID>5CF3623F-DC98-0825-E50E-B6A4DAF1B43A</generatorID>
<ownerDesignName>Exp2_S5_Grupo4</ownerDesignName>
<allowColumnReorder>false</allowColumnReorder>
<existDependencyGenerateInDDl>true</existDependencyGenerateInDDl>
<parsed>true</parsed>
<columns itemClass="oracle.dbtools.crest.model.design.relational.Column">
<Column name="id_pago" id="2816210D-A553-E57B-C34D-DCE4DDE6E202">
<createdBy>asovo</createdBy>
<createdTime>2025-09-16 13:36:02 UTC</createdTime>
<generatorID>4D3D50D3-1788-3E2D-08D7-99864A75A136</generatorID>
<ownerDesignName>Exp2_S5_Grupo4</ownerDesignName>
<useDomainConstraints>false</useDomainConstraints>
<use>1</use>
<logicalDatatype>LOGDT024</logicalDatatype>
<dataTypeSize>150</dataTypeSize>
<ownDataTypeParameters>150,,</ownDataTypeParameters>
<autoIncrementCycle>false</autoIncrementCycle>
</Column>
<Column name="folio" id="D1505787-EBB9-4BA9-F059-46D33057790A">
<createdBy>asovo</createdBy>
<createdTime>2025-09-16 13:36:02 UTC</createdTime>
<generatorID>DC1B7CA3-CEA6-64F0-008F-9AD4567D11F4</generatorID>
<ownerDesignName>Exp2_S5_Grupo4</ownerDesignName>
<useDomainConstraints>false</useDomainConstraints>
<use>1</use>
<logicalDatatype>LOGDT024</logicalDatatype>
<dataTypeSize>50</dataTypeSize>
<ownDataTypeParameters>50,,</ownDataTypeParameters>
<autoIncrementCycle>false</autoIncrementCycle>
</Column>
<Column name="fecha_pago" id="D0E3C19D-68E7-03D3-229E-CCE5E60F2135">
<createdBy>asovo</createdBy>
<createdTime>2025-09-16 13:36:02 UTC</createdTime>
<generatorID>5D8BFEF5-9980-D15E-9154-1B6D9BDEFAB9</generatorID>
<ownerDesignName>Exp2_S5_Grupo4</ownerDesignName>
<useDomainConstraints>false</useDomainConstraints>
<use>1</use>
<logicalDatatype>LOGDT007</logicalDatatype>
<ownDataTypeParameters>,,</ownDataTypeParameters>
<autoIncrementCycle>false</autoIncrementCycle>
</Column>
<Column name="monto" id="10E3B7D9-F1A8-8928-67AE-36BD71A13868">
<createdBy>asovo</createdBy>
<createdTime>2025-09-16 13:36:02 UTC</createdTime>
<generatorID>424B7A6D-0103-0131-2336-B756D2B230BD</generatorID>
<ownerDesignName>Exp2_S5_Grupo4</ownerDesignName>
<useDomainConstraints>false</useDomainConstraints>
<use>1</use>
<logicalDatatype>LOGDT011</logicalDatatype>
<ownDataTypeParameters>,,</ownDataTypeParameters>
<autoIncrementCycle>false</autoIncrementCycle>
</Column>
<Column name="tipo_pago" id="16A44503-A77C-5FB4-900F-D535F54A9247">
<createdBy>asovo</createdBy>
<createdTime>2025-09-16 13:36:02 UTC</createdTime>
<generatorID>ED77FF0C-3708-D50D-6EA3-E6FEE52C4B02</generatorID>
<ownerDesignName>Exp2_S5_Grupo4</ownerDesignName>
<useDomainConstraints>false</useDomainConstraints>
<use>1</use>
<logicalDatatype>LOGDT024</logicalDatatype>
<dataTypeSize>50</dataTypeSize>
<ownDataTypeParameters>50,,</ownDataTypeParameters>
<autoIncrementCycle>false</autoIncrementCycle>
</Column>
<Column name="id_atencion" id="B6451C82-C70E-C205-21B9-B63970CB68E4">
<createdBy>asovo</createdBy>
<createdTime>2025-09-16 13:36:02 UTC</createdTime>
<generatorID>0C40453B-24BE-4239-7F60-0D9AE714BBB9</generatorID>
<ownerDesignName>Exp2_S5_Grupo4</ownerDesignName>
<useDomainConstraints>false</useDomainConstraints>
<use>1</use>
<logicalDatatype>LOGDT024</logicalDatatype>
<dataTypeSize>150</dataTypeSize>
<ownDataTypeParameters>150,,</ownDataTypeParameters>
<autoIncrementCycle>false</autoIncrementCycle>
</Column>
<Column name="Atencion_Medica_id_atencion" id="ABFC5056-EA55-1CCA-0911-ABC79BE151B0">
<createdBy>asovo</createdBy>
<createdTime>2025-09-16 13:36:02 UTC</createdTime>
<generatorID>4313C22C-AAC7-ABF2-714F-EB3726A3AFDD</generatorID>
<ownerDesignName>Exp2_S5_Grupo4</ownerDesignName>
<useDomainConstraints>false</useDomainConstraints>
<use>1</use>
<logicalDatatype>LOGDT024</logicalDatatype>
<dataTypeSize>150</dataTypeSize>
<ownDataTypeParameters>,,</ownDataTypeParameters>
<previousColumn>false</previousColumn>
<autoIncrementCycle>false</autoIncrementCycle>
<associations>
<colAssociation fkAssociation="294E7E02-15D1-3A97-2AD6-5A751883A90E" referredColumn="D41D4585-F967-6496-3B19-08F0C23C4BA7"/>
</associations>
</Column>
</columns>
<indexes itemClass="oracle.dbtools.crest.model.design.relational.Index">
<ind_PK_UK id="746EBD74-0135-EE9C-48E0-AC342D64363D" name="Pago_Atencion_PK">
<createdBy>asovo</createdBy>
<createdTime>2025-09-16 13:36:02 UTC</createdTime>
<generatorID>11F696D2-16A9-4C0D-CF96-46D2CA3F715F</generatorID>
<ownerDesignName>Exp2_S5_Grupo4</ownerDesignName>
<pk>true</pk>
<indexState>Primary Constraint</indexState>
<isSurrogateKey>false</isSurrogateKey>
<indexColumnUsage>
<colUsage columnID="2816210D-A553-E57B-C34D-DCE4DDE6E202"/>
</indexColumnUsage>
</ind_PK_UK>
<ind_PK_UK id="F4164709-1CBF-9F51-6493-9AD4160F200F" name="Pago_Atencion__IDX">
<createdBy>asovo</createdBy>
<createdTime>2025-09-16 13:36:02 UTC</createdTime>
<ownerDesignName>Exp2_S5_Grupo4</ownerDesignName>
<indexState>Unique Plain Index</indexState>
<isSurrogateKey>false</isSurrogateKey>
<relationGeneratorID>2140CE13-CE60-3782-9895-DEA94202ED0D</relationGeneratorID>
<indexColumnUsage>
<colUsage columnID="ABFC5056-EA55-1CCA-0911-ABC79BE151B0"/>
</indexColumnUsage>
</ind_PK_UK>
<ind_PK_UK id="3B8F9FE6-63D7-A9D7-1743-9007F3A4AE38" name="Pago_Atencion_Atencion_Medica_FK">
<createdBy>asovo</createdBy>
<createdTime>2025-09-16 13:36:02 UTC</createdTime>
<generatorID>2140CE13-CE60-3782-9895-DEA94202ED0D</generatorID>
<ownerDesignName>Exp2_S5_Grupo4</ownerDesignName>
<indexState>Foreign Key</indexState>
<isSurrogateKey>false</isSurrogateKey>
<indexColumnUsage>
<colUsage columnID="ABFC5056-EA55-1CCA-0911-ABC79BE151B0"/>
</indexColumnUsage>
</ind_PK_UK>
</indexes>
</Table>