<?xml version = '1.0' encoding = 'UTF-8'?>
<Table class="oracle.dbtools.crest.model.design.relational.Table" directorySegmentName="seg_0" id="0B17807C-DD3C-9CEB-196B-777DDA6F3FAF" name="Atencion_Medica">
<createdBy>asovo</createdBy>
<createdTime>2025-09-16 13:36:02 UTC</createdTime>
<generatorID>78470B7B-AB3B-1B97-BC3D-84273F6829D6</generatorID>
<ownerDesignName>Exp2_S5_Grupo4</ownerDesignName>
<allowColumnReorder>false</allowColumnReorder>
<existDependencyGenerateInDDl>true</existDependencyGenerateInDDl>
<parsed>true</parsed>
<columns itemClass="oracle.dbtools.crest.model.design.relational.Column">
<Column name="id_atencion" id="D41D4585-F967-6496-3B19-08F0C23C4BA7">
<createdBy>asovo</createdBy>
<createdTime>2025-09-16 13:36:02 UTC</createdTime>
<generatorID>D51C4B71-F1BE-0663-C832-7524257FC474</generatorID>
<ownerDesignName>Exp2_S5_Grupo4</ownerDesignName>
<useDomainConstraints>false</useDomainConstraints>
<use>1</use>
<logicalDatatype>LOGDT024</logicalDatatype>
<dataTypeSize>150</dataTypeSize>
<ownDataTypeParameters>150,,</ownDataTypeParameters>
<autoIncrementCycle>false</autoIncrementCycle>
</Column>
<Column name="fecha_atencion" id="EDD8C081-0582-F491-E6C8-C1A6198BC837">
<createdBy>asovo</createdBy>
<createdTime>2025-09-16 13:36:02 UTC</createdTime>
<generatorID>423E577D-434C-7FA6-5617-ABD85A4FC27C</generatorID>
<ownerDesignName>Exp2_S5_Grupo4</ownerDesignName>
<useDomainConstraints>false</useDomainConstraints>
<use>1</use>
<logicalDatatype>LOGDT007</logicalDatatype>
<ownDataTypeParameters>,,</ownDataTypeParameters>
<autoIncrementCycle>false</autoIncrementCycle>
</Column>
<Column name="especialidad" id="D98EAEC4-9CB7-2D31-A96D-559388BACDCD">
<createdBy>asovo</createdBy>
<createdTime>2025-09-16 13:36:02 UTC</createdTime>
<generatorID>5D70238B-EC54-CF14-A833-AC54445D3EFC</generatorID>
<ownerDesignName>Exp2_S5_Grupo4</ownerDesignName>
<useDomainConstraints>false</useDomainConstraints>
<use>1</use>
<logicalDatatype>LOGDT024</logicalDatatype>
<dataTypeSize>150</dataTypeSize>
<ownDataTypeParameters>150,,</ownDataTypeParameters>
<autoIncrementCycle>false</autoIncrementCycle>
</Column>
<Column name="monto_pagado" id="60D3C8FC-A570-6F1F-11B9-847C2C266A12">
<createdBy>asovo</createdBy>
<createdTime>2025-09-16 13:36:02 UTC</createdTime>
<generatorID>AAA5C599-74D1-8FE0-F93F-32BB9389F33A</generatorID>
<ownerDesignName>Exp2_S5_Grupo4</ownerDesignName>
<useDomainConstraints>false</useDomainConstraints>
<use>1</use>
<logicalDatatype>LOGDT011</logicalDatatype>
<ownDataTypeParameters>,,</ownDataTypeParameters>
<autoIncrementCycle>false</autoIncrementCycle>
</Column>
<Column name="metodo_pago" id="15730050-B453-FFAA-E910-EA227ED5698A">
<createdBy>asovo</createdBy>
<createdTime>2025-09-16 13:36:02 UTC</createdTime>
<generatorID>70200A99-6ED6-7A60-E901-5A88CC4BB431</generatorID>
<ownerDesignName>Exp2_S5_Grupo4</ownerDesignName>
<useDomainConstraints>false</useDomainConstraints>
<use>1</use>
<logicalDatatype>LOGDT024</logicalDatatype>
<dataTypeSize>100</dataTypeSize>
<ownDataTypeParameters>100,,</ownDataTypeParameters>
<autoIncrementCycle>false</autoIncrementCycle>
</Column>
<Column name="tipo_atencion" id="B8592A4F-58B2-12AE-8580-1A5E6E7E395B">
<createdBy>asovo</createdBy>
<createdTime>2025-09-16 13:36:02 UTC</createdTime>
<generatorID>48577AA6-39BF-8D4A-B3B3-F0C351D572AE</generatorID>
<ownerDesignName>Exp2_S5_Grupo4</ownerDesignName>
<useDomainConstraints>false</useDomainConstraints>
<use>1</use>
<logicalDatatype>LOGDT024</logicalDatatype>
<dataTypeSize>100</dataTypeSize>
<ownDataTypeParameters>100,,</ownDataTypeParameters>
<autoIncrementCycle>false</autoIncrementCycle>
</Column>
<Column name="diagnostico" id="A5CCD17F-4734-6E29-BFEC-388D5DDC781C">
<createdBy>asovo</createdBy>
<createdTime>2025-09-16 13:36:02 UTC</createdTime>
<generatorID>F0B3CC30-D667-1A48-8C22-854A06712A20</generatorID>
<ownerDesignName>Exp2_S5_Grupo4</ownerDesignName>
<nullsAllowed>true</nullsAllowed>
<useDomainConstraints>false</useDomainConstraints>
<use>1</use>
<logicalDatatype>LOGDT024</logicalDatatype>
<dataTypeSize>500</dataTypeSize>
<ownDataTypeParameters>500,,</ownDataTypeParameters>
<autoIncrementCycle>false</autoIncrementCycle>
</Column>
<Column name="modalidad" id="63100B0B-0CBA-479F-1EC5-EED8052D3E68">
<createdBy>asovo</createdBy>
<createdTime>2025-09-16 13:36:02 UTC</createdTime>
<generatorID>85D1A59F-EDF9-397D-5B13-C3461C9D975D</generatorID>
<ownerDesignName>Exp2_S5_Grupo4</ownerDesignName>
<useDomainConstraints>false</useDomainConstraints>
<use>1</use>
<logicalDatatype>LOGDT024</logicalDatatype>
<dataTypeSize>50</dataTypeSize>
<ownDataTypeParameters>50,,</ownDataTypeParameters>
<autoIncrementCycle>false</autoIncrementCycle>
</Column>
<Column name="rut_paciente" id="A38A6D00-7727-A5F2-12DE-35813EE9AA05">
<createdBy>asovo</createdBy>
<createdTime>2025-09-16 13:36:02 UTC</createdTime>
<generatorID>A323F589-D85C-73C4-CD6B-54D6CEAF21C4</generatorID>
<ownerDesignName>Exp2_S5_Grupo4</ownerDesignName>
<useDomainConstraints>false</useDomainConstraints>
<use>1</use>
<logicalDatatype>LOGDT024</logicalDatatype>
<dataTypeSize>20</dataTypeSize>
<ownDataTypeParameters>20,,</ownDataTypeParameters>
<autoIncrementCycle>false</autoIncrementCycle>
</Column>
<Column name="rut_medico" id="1B1D1D8F-ED2D-349A-9456-FAC2461A6525">
<createdBy>asovo</createdBy>
<createdTime>2025-09-16 13:36:02 UTC</createdTime>
<generatorID>CB400ACD-350D-85BB-9B01-7EBD1337AD4C</generatorID>
<ownerDesignName>Exp2_S5_Grupo4</ownerDesignName>
<useDomainConstraints>false</useDomainConstraints>
<use>1</use>
<logicalDatatype>LOGDT024</logicalDatatype>
<dataTypeSize>20</dataTypeSize>
<ownDataTypeParameters>20,,</ownDataTypeParameters>
<autoIncrementCycle>false</autoIncrementCycle>
</Column>
<Column name="Paciente_rut_paciente" id="7ADF3BCF-A464-3E0A-5EE1-526A038F0D93">
<createdBy>asovo</createdBy>
<createdTime>2025-09-16 13:36:02 UTC</createdTime>
<generatorID>F9388AC1-55BD-88D7-C27E-4A31FD7E1C72</generatorID>
<ownerDesignName>Exp2_S5_Grupo4</ownerDesignName>
<useDomainConstraints>false</useDomainConstraints>
<use>1</use>
<logicalDatatype>LOGDT024</logicalDatatype>
<dataTypeSize>15</dataTypeSize>
<ownDataTypeParameters>,,</ownDataTypeParameters>
<previousColumn>false</previousColumn>
<autoIncrementCycle>false</autoIncrementCycle>
<associations>
<colAssociation fkAssociation="4EB1DAC4-1220-6229-FEF5-9514CCC7F45B" referredColumn="6C87A1C5-D9A1-F905-987E-05C31A75908F"/>
</associations>
</Column>
<Column name="Medico_rut_medico" id="E6291403-9A01-CCDE-F566-37405759B7D0">
<createdBy>asovo</createdBy>
<createdTime>2025-09-16 13:36:02 UTC</createdTime>
<generatorID>8EBD1E90-C58C-6C3C-B188-DDAE067ED463</generatorID>
<ownerDesignName>Exp2_S5_Grupo4</ownerDesignName>
<nullsAllowed>true</nullsAllowed>
<useDomainConstraints>false</useDomainConstraints>
<use>1</use>
<logicalDatatype>LOGDT024</logicalDatatype>
<dataTypeSize>20</dataTypeSize>
<ownDataTypeParameters>,,</ownDataTypeParameters>
<previousColumn>false</previousColumn>
<autoIncrementCycle>false</autoIncrementCycle>
<associations>
<colAssociation fkAssociation="D3968F26-7DA4-F71A-50A4-0058C6E18BAB" referredColumn="08F924E9-70F4-05B9-27D7-BE7C4A92CFD4"/>
</associations>
</Column>
<Column name="Pago_Atencion_id_pago" id="58263237-7385-F828-6FB5-E3B745AE306F">
<createdBy>asovo</createdBy>
<createdTime>2025-09-16 13:36:02 UTC</createdTime>
<generatorID>1A638ABB-A7B5-A8FF-66FD-25C6DC17D4F2</generatorID>
<ownerDesignName>Exp2_S5_Grupo4</ownerDesignName>
<useDomainConstraints>false</useDomainConstraints>
<use>1</use>
<logicalDatatype>LOGDT024</logicalDatatype>
<dataTypeSize>150</dataTypeSize>
<ownDataTypeParameters>,,</ownDataTypeParameters>
<previousColumn>false</previousColumn>
<autoIncrementCycle>false</autoIncrementCycle>
<associations>
<colAssociation fkAssociation="CB670F59-F251-F553-A148-A85E7EA54D06" referredColumn="2816210D-A553-E57B-C34D-DCE4DDE6E202"/>
</associations>
</Column>
</columns>
<indexes itemClass="oracle.dbtools.crest.model.design.relational.Index">
<ind_PK_UK id="35C022C7-FA3A-5F15-99EC-2E494E9A03CE" name="Atencion_Medica_PK">
<createdBy>asovo</createdBy>
<createdTime>2025-09-16 13:36:02 UTC</createdTime>
<generatorID>39C8B0DB-FE94-E81E-2680-1395488DA059</generatorID>
<ownerDesignName>Exp2_S5_Grupo4</ownerDesignName>
<pk>true</pk>
<indexState>Primary Constraint</indexState>
<isSurrogateKey>false</isSurrogateKey>
<indexColumnUsage>
<colUsage columnID="D41D4585-F967-6496-3B19-08F0C23C4BA7"/>
</indexColumnUsage>
</ind_PK_UK>
<ind_PK_UK id="452B9683-DBCD-0FFB-637C-11B873FAC7BB" name="Atencion_Medica__IDX">
<createdBy>asovo</createdBy>
<createdTime>2025-09-16 13:36:02 UTC</createdTime>
<ownerDesignName>Exp2_S5_Grupo4</ownerDesignName>
<indexState>Unique Plain Index</indexState>
<isSurrogateKey>false</isSurrogateKey>
<relationGeneratorID>2140CE13-CE60-3782-9895-DEA94202ED0D</relationGeneratorID>
<indexColumnUsage>
<colUsage columnID="58263237-7385-F828-6FB5-E3B745AE306F"/>
</indexColumnUsage>
</ind_PK_UK>
<ind_PK_UK id="5F19E614-90A2-D942-6B4C-FD76A590BE76" name="Atencion_Medica_Pago_Atencion_FK">
<createdBy>asovo</createdBy>
<createdTime>2025-09-16 13:36:02 UTC</createdTime>
<generatorID>2140CE13-CE60-3782-9895-DEA94202ED0D</generatorID>
<ownerDesignName>Exp2_S5_Grupo4</ownerDesignName>
<indexState>Foreign Key</indexState>
<isSurrogateKey>false</isSurrogateKey>
<indexColumnUsage>
<colUsage columnID="58263237-7385-F828-6FB5-E3B745AE306F"/>
</indexColumnUsage>
</ind_PK_UK>
<ind_PK_UK id="1368E9BA-53DC-42AE-5C52-FF8A3F30C873" name="Atencion_Medica_Medico_FK">
<createdBy>asovo</createdBy>
<createdTime>2025-09-16 13:36:02 UTC</createdTime>
<generatorID>5A74757F-46F8-F52D-4C85-A69D5C5842E3</generatorID>
<ownerDesignName>Exp2_S5_Grupo4</ownerDesignName>
<indexState>Foreign Key</indexState>
<isSurrogateKey>false</isSurrogateKey>
<indexColumnUsage>
<colUsage columnID="E6291403-9A01-CCDE-F566-37405759B7D0"/>
</indexColumnUsage>
</ind_PK_UK>
<ind_PK_UK id="9F82193E-8A51-06F3-CB3B-C840985C00B3" name="Atencion_Medica_Paciente_FK">
<createdBy>asovo</createdBy>
<createdTime>2025-09-16 13:36:02 UTC</createdTime>
<generatorID>152C7A98-DAED-DF62-C205-C8AEFA51D716</generatorID>
<ownerDesignName>Exp2_S5_Grupo4</ownerDesignName>
<indexState>Foreign Key</indexState>
<isSurrogateKey>false</isSurrogateKey>
<indexColumnUsage>
<colUsage columnID="7ADF3BCF-A464-3E0A-5EE1-526A038F0D93"/>
</indexColumnUsage>
</ind_PK_UK>
</indexes>
</Table>