<?xml version = '1.0' encoding = 'UTF-8'?>
<Table class="oracle.dbtools.crest.model.design.relational.Table" directorySegmentName="seg_0" id="300D4D13-08E0-F2F2-CEF4-FF8630C62568" name="Region">
<createdBy>asovo</createdBy>
<createdTime>2025-09-16 13:36:02 UTC</createdTime>
<generatorID>ED0297A4-E1AE-8E54-C70B-6F959997A98C</generatorID>
<ownerDesignName>Exp2_S5_Grupo4</ownerDesignName>
<allowColumnReorder>false</allowColumnReorder>
<existDependencyGenerateInDDl>true</existDependencyGenerateInDDl>
<parsed>true</parsed>
<columns itemClass="oracle.dbtools.crest.model.design.relational.Column">
<Column name="id_region" id="7F8A5F08-5C42-7D35-FC1F-F99FD4814EEB">
<createdBy>asovo</createdBy>
<createdTime>2025-09-16 13:36:02 UTC</createdTime>
<generatorID>C50FC842-4DE1-C51F-C443-5DD4E2CA18E6</generatorID>
<ownerDesignName>Exp2_S5_Grupo4</ownerDesignName>
<useDomainConstraints>false</useDomainConstraints>
<use>1</use>
<logicalDatatype>LOGDT024</logicalDatatype>
<dataTypeSize>100</dataTypeSize>
<ownDataTypeParameters>100,,</ownDataTypeParameters>
<autoIncrementCycle>false</autoIncrementCycle>
</Column>
<Column name="nombre_region" id="6C631DB0-075C-E0CC-0B63-C9A3EC0AA9DC">
<createdBy>asovo</createdBy>
<createdTime>2025-09-16 13:36:02 UTC</createdTime>
<generatorID>618CCFCC-83D0-C1DB-E103-0931AC08FD9B</generatorID>
<ownerDesignName>Exp2_S5_Grupo4</ownerDesignName>
<useDomainConstraints>false</useDomainConstraints>
<use>1</use>
<logicalDatatype>LOGDT024</logicalDatatype>
<dataTypeSize>100</dataTypeSize>
<ownDataTypeParameters>100,,</ownDataTypeParameters>
<autoIncrementCycle>false</autoIncrementCycle>
</Column>
</columns>
<indexes itemClass="oracle.dbtools.crest.model.design.relational.Index">
<ind_PK_UK id="81CF3334-3944-DB8F-D406-93D41EE8FD38" name="Region_PK">
<createdBy>asovo</createdBy>
<createdTime>2025-09-16 13:36:02 UTC</createdTime>
<generatorID>0EB46200-F85A-12F0-B4EE-DB5AFD070601</generatorID>
<ownerDesignName>Exp2_S5_Grupo4</ownerDesignName>
<pk>true</pk>
<indexState>Primary Constraint</indexState>
<isSurrogateKey>false</isSurrogateKey>
<indexColumnUsage>
<colUsage columnID="7F8A5F08-5C42-7D35-FC1F-F99FD4814EEB"/>
</indexColumnUsage>
</ind_PK_UK>
</indexes>
</Table>