<?xml version = '1.0' encoding = 'UTF-8'?>
<Table class="oracle.dbtools.crest.model.design.relational.Table" directorySegmentName="seg_0" id="9E2AB412-AAD1-E480-0DA4-FEB47087DC93" name="Medico">
<createdBy>asovo</createdBy>
<createdTime>2025-09-16 13:36:02 UTC</createdTime>
<generatorID>81129F5E-D05A-78B1-2E2F-5615AB659F8A</generatorID>
<ownerDesignName>Exp2_S5_Grupo4</ownerDesignName>
<allowColumnReorder>false</allowColumnReorder>
<existDependencyGenerateInDDl>true</existDependencyGenerateInDDl>
<parsed>true</parsed>
<columns itemClass="oracle.dbtools.crest.model.design.relational.Column">
<Column name="rut_medico" id="08F924E9-70F4-05B9-27D7-BE7C4A92CFD4">
<createdBy>asovo</createdBy>
<createdTime>2025-09-16 13:36:02 UTC</createdTime>
<generatorID>F0885DA9-FABA-B1D4-1FCC-0E06A81BA319</generatorID>
<ownerDesignName>Exp2_S5_Grupo4</ownerDesignName>
<useDomainConstraints>false</useDomainConstraints>
<use>1</use>
<logicalDatatype>LOGDT024</logicalDatatype>
<dataTypeSize>20</dataTypeSize>
<ownDataTypeParameters>20,,</ownDataTypeParameters>
<autoIncrementCycle>false</autoIncrementCycle>
</Column>
<Column name="nombre_medico" id="0A13C81C-7EFE-F2B0-72A0-3D4128748D6E">
<createdBy>asovo</createdBy>
<createdTime>2025-09-16 13:36:02 UTC</createdTime>
<generatorID>E6F54F53-300B-FFE9-45D3-048CAAA5B892</generatorID>
<ownerDesignName>Exp2_S5_Grupo4</ownerDesignName>
<useDomainConstraints>false</useDomainConstraints>
<use>1</use>
<logicalDatatype>LOGDT024</logicalDatatype>
<dataTypeSize>150</dataTypeSize>
<ownDataTypeParameters>150,,</ownDataTypeParameters>
<autoIncrementCycle>false</autoIncrementCycle>
</Column>
<Column name="fecha_ingreso" id="8F5F596E-704F-8026-574B-7AF378C322C7">
<createdBy>asovo</createdBy>
<createdTime>2025-09-16 13:36:02 UTC</createdTime>
<generatorID>DCDF0108-4818-A2F5-6962-E8464A1A41CC</generatorID>
<ownerDesignName>Exp2_S5_Grupo4</ownerDesignName>
<useDomainConstraints>false</useDomainConstraints>
<use>1</use>
<logicalDatatype>LOGDT007</logicalDatatype>
<ownDataTypeParameters>,,</ownDataTypeParameters>
<autoIncrementCycle>false</autoIncrementCycle>
</Column>
<Column name="id_especialidad" id="CB50D69D-7120-A591-EF8C-4B39FF7779A7">
<createdBy>asovo</createdBy>
<createdTime>2025-09-16 13:36:02 UTC</createdTime>
<generatorID>BE4D9E5D-7F6C-06CF-63D5-DDF10B0CF662</generatorID>
<ownerDesignName>Exp2_S5_Grupo4</ownerDesignName>
<useDomainConstraints>false</useDomainConstraints>
<use>1</use>
<logicalDatatype>LOGDT024</logicalDatatype>
<dataTypeSize>150</dataTypeSize>
<ownDataTypeParameters>150,,</ownDataTypeParameters>
<autoIncrementCycle>false</autoIncrementCycle>
</Column>
<Column name="id_afp" id="D398B534-AB5C-55F6-27EF-B97FB768BDB2">
<createdBy>asovo</createdBy>
<createdTime>2025-09-16 13:36:02 UTC</createdTime>
<generatorID>66E49BD2-7F1A-A55A-708F-70D37A8F87B7</generatorID>
<ownerDesignName>Exp2_S5_Grupo4</ownerDesignName>
<useDomainConstraints>false</useDomainConstraints>
<use>1</use>
<logicalDatatype>LOGDT024</logicalDatatype>
<dataTypeSize>100</dataTypeSize>
<ownDataTypeParameters>100,,</ownDataTypeParameters>
<autoIncrementCycle>false</autoIncrementCycle>
</Column>
<Column name="id_salud" id="79E610A9-CA5B-332D-F8FB-BE3EB537D00A">
<createdBy>asovo</createdBy>
<createdTime>2025-09-16 13:36:02 UTC</createdTime>
<generatorID>ECB31C47-7559-C3DB-A930-AA2E902643EB</generatorID>
<ownerDesignName>Exp2_S5_Grupo4</ownerDesignName>
<useDomainConstraints>false</useDomainConstraints>
<use>1</use>
<logicalDatatype>LOGDT024</logicalDatatype>
<dataTypeSize>150</dataTypeSize>
<ownDataTypeParameters>150,,</ownDataTypeParameters>
<autoIncrementCycle>false</autoIncrementCycle>
</Column>
<Column name="Especialidad_id_especialidad" id="5F54A5B0-2C08-163A-3736-85F4D3658805">
<createdBy>asovo</createdBy>
<createdTime>2025-09-16 13:36:02 UTC</createdTime>
<generatorID>6D51178E-3245-1B4C-212F-DA136B197412</generatorID>
<ownerDesignName>Exp2_S5_Grupo4</ownerDesignName>
<useDomainConstraints>false</useDomainConstraints>
<use>1</use>
<logicalDatatype>LOGDT024</logicalDatatype>
<dataTypeSize>150</dataTypeSize>
<ownDataTypeParameters>,,</ownDataTypeParameters>
<previousColumn>false</previousColumn>
<autoIncrementCycle>false</autoIncrementCycle>
<associations>
<colAssociation fkAssociation="1257FADB-4568-0DAA-8B2A-5DE719C66236" referredColumn="B5E196D2-4B8A-0232-DF74-7D93E0F23197"/>
</associations>
</Column>
<Column name="AFP_id_afp" id="B6716E37-A1B9-EE84-AE59-41CF7EE5E67F">
<createdBy>asovo</createdBy>
<createdTime>2025-09-16 13:36:02 UTC</createdTime>
<generatorID>1862F7B9-D5CC-34C3-2B34-46CE73A42F32</generatorID>
<ownerDesignName>Exp2_S5_Grupo4</ownerDesignName>
<useDomainConstraints>false</useDomainConstraints>
<use>1</use>
<logicalDatatype>LOGDT024</logicalDatatype>
<dataTypeSize>100</dataTypeSize>
<ownDataTypeParameters>,,</ownDataTypeParameters>
<previousColumn>false</previousColumn>
<autoIncrementCycle>false</autoIncrementCycle>
<associations>
<colAssociation fkAssociation="48B52EA0-FB79-F4C0-0F85-3CDFFD0D94D7" referredColumn="0716A81A-CC64-6DB2-F868-A3139D949F9D"/>
</associations>
</Column>
<Column name="Institucion_Salud_id_salud" id="216AD8EF-54C2-7DC2-F515-04A567C5881F">
<createdBy>asovo</createdBy>
<createdTime>2025-09-16 13:36:02 UTC</createdTime>
<generatorID>E9DEE38A-4BBF-4E98-712A-52EC15CFB7E9</generatorID>
<ownerDesignName>Exp2_S5_Grupo4</ownerDesignName>
<useDomainConstraints>false</useDomainConstraints>
<use>1</use>
<logicalDatatype>LOGDT024</logicalDatatype>
<dataTypeSize>100</dataTypeSize>
<ownDataTypeParameters>,,</ownDataTypeParameters>
<previousColumn>false</previousColumn>
<autoIncrementCycle>false</autoIncrementCycle>
<associations>
<colAssociation fkAssociation="5895CBAF-C51B-5F34-D663-74582A900061" referredColumn="4D99A776-714E-B26A-8834-D5408E687565"/>
</associations>
</Column>
</columns>
<indexes itemClass="oracle.dbtools.crest.model.design.relational.Index">
<ind_PK_UK id="AD5E5C9E-2C01-F337-6413-36BCC0BC2F08" name="Medico_PK">
<createdBy>asovo</createdBy>
<createdTime>2025-09-16 13:36:02 UTC</createdTime>
<generatorID>1483B32F-70D3-E2D5-BE5B-69F1AEC1FD72</generatorID>
<ownerDesignName>Exp2_S5_Grupo4</ownerDesignName>
<pk>true</pk>
<indexState>Primary Constraint</indexState>
<isSurrogateKey>false</isSurrogateKey>
<indexColumnUsage>
<colUsage columnID="08F924E9-70F4-05B9-27D7-BE7C4A92CFD4"/>
</indexColumnUsage>
</ind_PK_UK>
<ind_PK_UK id="4BA7CF91-FDA9-8E90-9A79-0EAACA50654D" name="Medico_Especialidad_FK">
<createdBy>asovo</createdBy>
<createdTime>2025-09-16 13:36:02 UTC</createdTime>
<generatorID>6BC4C647-223D-6A98-84B0-5AA4A232D77D</generatorID>
<ownerDesignName>Exp2_S5_Grupo4</ownerDesignName>
<indexState>Foreign Key</indexState>
<isSurrogateKey>false</isSurrogateKey>
<indexColumnUsage>
<colUsage columnID="5F54A5B0-2C08-163A-3736-85F4D3658805"/>
</indexColumnUsage>
</ind_PK_UK>
<ind_PK_UK id="90EEAE87-A497-8C25-D282-3A7378E805B7" name="Medico_AFP_FK">
<createdBy>asovo</createdBy>
<createdTime>2025-09-16 13:36:02 UTC</createdTime>
<generatorID>7C3A7207-1DD4-BDC7-C98A-BA5851EAEF6A</generatorID>
<ownerDesignName>Exp2_S5_Grupo4</ownerDesignName>
<indexState>Foreign Key</indexState>
<isSurrogateKey>false</isSurrogateKey>
<indexColumnUsage>
<colUsage columnID="B6716E37-A1B9-EE84-AE59-41CF7EE5E67F"/>
</indexColumnUsage>
</ind_PK_UK>
<ind_PK_UK id="BDF60671-523E-377B-69D9-F812F9AA5C6E" name="Medico_Institucion_Salud_FK">
<createdBy>asovo</createdBy>
<createdTime>2025-09-16 13:36:02 UTC</createdTime>
<generatorID>89448578-808D-C9CB-29DC-49E09EA88B47</generatorID>
<ownerDesignName>Exp2_S5_Grupo4</ownerDesignName>
<indexState>Foreign Key</indexState>
<isSurrogateKey>false</isSurrogateKey>
<indexColumnUsage>
<colUsage columnID="216AD8EF-54C2-7DC2-F515-04A567C5881F"/>
</indexColumnUsage>
</ind_PK_UK>
</indexes>
</Table>