<?xml version = '1.0' encoding = 'UTF-8'?>
<Table class="oracle.dbtools.crest.model.design.relational.Table" directorySegmentName="seg_0" id="FEA14AE7-6499-3CC9-9DA8-DC011FC29CA8" name="Especialidad">
<createdBy>asovo</createdBy>
<createdTime>2025-09-16 13:36:02 UTC</createdTime>
<generatorID>163807A1-A821-9C8B-2E72-C0AE0EDFDABC</generatorID>
<ownerDesignName>Exp2_S5_Grupo4</ownerDesignName>
<allowColumnReorder>false</allowColumnReorder>
<existDependencyGenerateInDDl>true</existDependencyGenerateInDDl>
<parsed>true</parsed>
<columns itemClass="oracle.dbtools.crest.model.design.relational.Column">
<Column name="id_especialidad" id="B5E196D2-4B8A-0232-DF74-7D93E0F23197">
<createdBy>asovo</createdBy>
<createdTime>2025-09-16 13:36:02 UTC</createdTime>
<generatorID>9DB669C4-60C3-5192-5231-18FA31E1B069</generatorID>
<ownerDesignName>Exp2_S5_Grupo4</ownerDesignName>
<useDomainConstraints>false</useDomainConstraints>
<use>1</use>
<logicalDatatype>LOGDT024</logicalDatatype>
<dataTypeSize>150</dataTypeSize>
<ownDataTypeParameters>150,,</ownDataTypeParameters>
<autoIncrementCycle>false</autoIncrementCycle>
</Column>
<Column name="nombre_especialidad" id="16F0BE62-61AD-6806-0574-8134A9C4188E">
<createdBy>asovo</createdBy>
<createdTime>2025-09-16 13:36:02 UTC</createdTime>
<generatorID>36D162CC-0576-8669-04DC-8BA7E0991A2D</generatorID>
<ownerDesignName>Exp2_S5_Grupo4</ownerDesignName>
<useDomainConstraints>false</useDomainConstraints>
<use>1</use>
<logicalDatatype>LOGDT024</logicalDatatype>
<dataTypeSize>100</dataTypeSize>
<ownDataTypeParameters>100,,</ownDataTypeParameters>
<autoIncrementCycle>false</autoIncrementCycle>
</Column>
</columns>
<indexes itemClass="oracle.dbtools.crest.model.design.relational.Index">
<ind_PK_UK id="28696206-A64D-A476-3473-2AF74FE74D65" name="Especialidad_PK">
<createdBy>asovo</createdBy>
<createdTime>2025-09-16 13:36:02 UTC</createdTime>
<generatorID>7B73F6A6-916C-0996-8674-80E27CE7976D</generatorID>
<ownerDesignName>Exp2_S5_Grupo4</ownerDesignName>
<pk>true</pk>
<indexState>Primary Constraint</indexState>
<isSurrogateKey>false</isSurrogateKey>
<indexColumnUsage>
<colUsage columnID="B5E196D2-4B8A-0232-DF74-7D93E0F23197"/>
</indexColumnUsage>
</ind_PK_UK>
</indexes>
</Table>