<?xml version = '1.0' encoding = 'UTF-8'?>
<Relation class="oracle.dbtools.crest.model.design.logical.Relation" name="Un Paciente puede tener varias atenciones medicas" directorySegmentName="seg_0" id="152C7A98-DAED-DF62-C205-C8AEFA51D716">
<createdBy>asovo</createdBy>
<createdTime>2025-09-16 13:19:34 UTC</createdTime>
<ownerDesignName>Exp2_S5_Grupo4</ownerDesignName>
<engineerTo>
<item key="A1EB4CF6-0FD4-EC0A-5F43-8986E829CBE2" value="true"/>
</engineerTo>
<sourcePk>7FC0090C-CEE7-D31C-E594-2945AF3B0D2A</sourcePk>
<identifying>false</identifying>
<optionalSource>true</optionalSource>
<optionalTarget>false</optionalTarget>
<sourceCardinality>1</sourceCardinality>
<sourceEntity>A0ADB19E-822A-D8A4-AEB1-5CAA6C4FBB53</sourceEntity>
<targetCardinalityString>*</targetCardinalityString>
<targetEntity>78470B7B-AB3B-1B97-BC3D-84273F6829D6</targetEntity>
<transferable>true</transferable>
<deleteRule>NO ACTION</deleteRule>
</Relation>