<?xml version = '1.0' encoding = 'UTF-8'?>
<Relation class="oracle.dbtools.crest.model.design.logical.Relation" name="Cada atencion tiene un solo pago" directorySegmentName="seg_0" id="2140CE13-CE60-3782-9895-DEA94202ED0D">
<createdBy>asovo</createdBy>
<createdTime>2025-09-16 13:22:02 UTC</createdTime>
<ownerDesignName>Exp2_S5_Grupo4</ownerDesignName>
<engineerTo>
<item key="A1EB4CF6-0FD4-EC0A-5F43-8986E829CBE2" value="true"/>
</engineerTo>
<sourcePk>39C8B0DB-FE94-E81E-2680-1395488DA059</sourcePk>
<targetPk>11F696D2-16A9-4C0D-CF96-46D2CA3F715F</targetPk>
<identifying>false</identifying>
<optionalSource>false</optionalSource>
<optionalTarget>false</optionalTarget>
<sourceCardinality>1</sourceCardinality>
<sourceEntity>78470B7B-AB3B-1B97-BC3D-84273F6829D6</sourceEntity>
<targetCardinalityString>1</targetCardinalityString>
<targetEntity>5CF3623F-DC98-0825-E50E-B6A4DAF1B43A</targetEntity>
<transferable>true</transferable>
<deleteRule>NO ACTION</deleteRule>
</Relation>