<?xml version = '1.0' encoding = 'UTF-8'?>
<Relation class="oracle.dbtools.crest.model.design.logical.Relation" name="Una region tiene varias comunas, cada comuna pertenece a una sola region" directorySegmentName="seg_0" id="55F7F886-E2F4-4E1F-395A-9005B8AC3810">
<createdBy>asovo</createdBy>
<createdTime>2025-09-16 13:34:28 UTC</createdTime>
<ownerDesignName>Exp2_S5_Grupo4</ownerDesignName>
<engineerTo>
<item key="A1EB4CF6-0FD4-EC0A-5F43-8986E829CBE2" value="true"/>
</engineerTo>
<sourcePk>0EB46200-F85A-12F0-B4EE-DB5AFD070601</sourcePk>
<identifying>false</identifying>
<optionalSource>false</optionalSource>
<optionalTarget>false</optionalTarget>
<sourceCardinality>1</sourceCardinality>
<sourceEntity>ED0297A4-E1AE-8E54-C70B-6F959997A98C</sourceEntity>
<targetCardinalityString>*</targetCardinalityString>
<targetEntity>0BC6EC66-705D-0B30-2D0E-2C7F2AC6C231</targetEntity>
<transferable>true</transferable>
<deleteRule>NO ACTION</deleteRule>
</Relation>