<?xml version = '1.0' encoding = 'UTF-8'?>
<Relation class="oracle.dbtools.crest.model.design.logical.Relation" name="Un medico realiza varias atenciones" directorySegmentName="seg_0" id="5A74757F-46F8-F52D-4C85-A69D5C5842E3">
<createdBy>asovo</createdBy>
<createdTime>2025-09-16 13:21:05 UTC</createdTime>
<ownerDesignName>Exp2_S5_Grupo4</ownerDesignName>
<engineerTo>
<item key="A1EB4CF6-0FD4-EC0A-5F43-8986E829CBE2" value="true"/>
</engineerTo>
<targetPk>1483B32F-70D3-E2D5-BE5B-69F1AEC1FD72</targetPk>
<identifying>false</identifying>
<optionalSource>true</optionalSource>
<optionalTarget>false</optionalTarget>
<sourceCardinality>*</sourceCardinality>
<sourceEntity>78470B7B-AB3B-1B97-BC3D-84273F6829D6</sourceEntity>
<targetCardinalityString>1</targetCardinalityString>
<targetEntity>81129F5E-D05A-78B1-2E2F-5615AB659F8A</targetEntity>
<transferable>true</transferable>
<deleteRule>NO ACTION</deleteRule>
</Relation>