<?xml version = '1.0' encoding = 'UTF-8'?>
<Relation class="oracle.dbtools.crest.model.design.logical.Relation" name="Los medicos tienen solo una especialidad y las especialidades se asocian a varios medicos" directorySegmentName="seg_0" id="6BC4C647-223D-6A98-84B0-5AA4A232D77D">
<createdBy>asovo</createdBy>
<createdTime>2025-09-16 13:24:26 UTC</createdTime>
<ownerDesignName>Exp2_S5_Grupo4</ownerDesignName>
<engineerTo>
<item key="A1EB4CF6-0FD4-EC0A-5F43-8986E829CBE2" value="true"/>
</engineerTo>
<sourcePk>1483B32F-70D3-E2D5-BE5B-69F1AEC1FD72</sourcePk>
<targetPk>7B73F6A6-916C-0996-8674-80E27CE7976D</targetPk>
<identifying>false</identifying>
<optionalSource>false</optionalSource>
<optionalTarget>false</optionalTarget>
<sourceCardinality>*</sourceCardinality>
<sourceEntity>81129F5E-D05A-78B1-2E2F-5615AB659F8A</sourceEntity>
<targetCardinalityString>1</targetCardinalityString>
<targetEntity>163807A1-A821-9C8B-2E72-C0AE0EDFDABC</targetEntity>
<transferable>true</transferable>
<deleteRule>NO ACTION</deleteRule>
</Relation>