<?xml version = '1.0' encoding = 'UTF-8'?>
<Relation class="oracle.dbtools.crest.model.design.logical.Relation" name="Una afp se puede asociar a varios medicos, pero cada medico tiene una sola" directorySegmentName="seg_0" id="7C3A7207-1DD4-BDC7-C98A-BA5851EAEF6A">
<createdBy>asovo</createdBy>
<createdTime>2025-09-16 13:27:50 UTC</createdTime>
<ownerDesignName>Exp2_S5_Grupo4</ownerDesignName>
<engineerTo>
<item key="A1EB4CF6-0FD4-EC0A-5F43-8986E829CBE2" value="true"/>
</engineerTo>
<sourcePk>34A39038-8D1D-B118-1C4C-DDAF7A2E9B8A</sourcePk>
<identifying>false</identifying>
<optionalSource>true</optionalSource>
<optionalTarget>false</optionalTarget>
<sourceCardinality>1</sourceCardinality>
<sourceEntity>2BEEFA49-2637-A41B-950A-A5B34D6E5BCF</sourceEntity>
<targetCardinalityString>*</targetCardinalityString>
<targetEntity>81129F5E-D05A-78B1-2E2F-5615AB659F8A</targetEntity>
<transferable>true</transferable>
<deleteRule>NO ACTION</deleteRule>
</Relation>