<?xml version = '1.0' encoding = 'UTF-8'?>
<Relation class="oracle.dbtools.crest.model.design.logical.Relation" name="Una institucion puede asociarse a varios medicos, pero cada medico solo tiene una" directorySegmentName="seg_0" id="89448578-808D-C9CB-29DC-49E09EA88B47">
<createdBy>asovo</createdBy>
<createdTime>2025-09-16 13:31:33 UTC</createdTime>
<ownerDesignName>Exp2_S5_Grupo4</ownerDesignName>
<engineerTo>
<item key="A1EB4CF6-0FD4-EC0A-5F43-8986E829CBE2" value="true"/>
</engineerTo>
<targetPk>B9B94B31-1639-3AD6-A9FE-D73B4571F32C</targetPk>
<identifying>false</identifying>
<optionalSource>false</optionalSource>
<optionalTarget>true</optionalTarget>
<sourceCardinality>*</sourceCardinality>
<sourceEntity>81129F5E-D05A-78B1-2E2F-5615AB659F8A</sourceEntity>
<targetCardinalityString>1</targetCardinalityString>
<targetEntity>88D836E3-EB09-6C25-21EC-65FEECA5EB11</targetEntity>
<transferable>true</transferable>
<deleteRule>NO ACTION</deleteRule>
</Relation>