<?xml version = '1.0' encoding = 'UTF-8'?>
<Relation class="oracle.dbtools.crest.model.design.logical.Relation" name="Una comuna tiene varios pacientes y los pacientes viven en una sola comuna" directorySegmentName="seg_0" id="C69D7463-0469-FEC7-94BB-804EA0D357AF">
<createdBy>asovo</createdBy>
<createdTime>2025-09-16 13:33:26 UTC</createdTime>
<ownerDesignName>Exp2_S5_Grupo4</ownerDesignName>
<engineerTo>
<item key="A1EB4CF6-0FD4-EC0A-5F43-8986E829CBE2" value="true"/>
</engineerTo>
<sourcePk>7FC0090C-CEE7-D31C-E594-2945AF3B0D2A</sourcePk>
<targetPk>AC86A5DD-250E-9C45-7E0E-6B8D52027ECE</targetPk>
<identifying>false</identifying>
<optionalSource>false</optionalSource>
<optionalTarget>false</optionalTarget>
<sourceCardinality>*</sourceCardinality>
<sourceEntity>A0ADB19E-822A-D8A4-AEB1-5CAA6C4FBB53</sourceEntity>
<targetCardinalityString>1</targetCardinalityString>
<targetEntity>0BC6EC66-705D-0B30-2D0E-2C7F2AC6C231</targetEntity>
<transferable>true</transferable>
<deleteRule>NO ACTION</deleteRule>
</Relation>